-- phpMyAdmin SQL Dump
-- version 5.2.0
-- https://www.phpmyadmin.net/
--
-- Servidor: 127.0.0.1
-- Tiempo de generación: 10-06-2022 a las 22:56:45
-- Versión del servidor: 10.4.24-MariaDB
-- Versión de PHP: 8.1.4

SET SQL_MODE = "NO_AUTO_VALUE_ON_ZERO";
START TRANSACTION;
SET time_zone = "+00:00";


/*!40101 SET @OLD_CHARACTER_SET_CLIENT=@@CHARACTER_SET_CLIENT */;
/*!40101 SET @OLD_CHARACTER_SET_RESULTS=@@CHARACTER_SET_RESULTS */;
/*!40101 SET @OLD_COLLATION_CONNECTION=@@COLLATION_CONNECTION */;
/*!40101 SET NAMES utf8mb4 */;

--
-- Base de datos: `bdtrans`
--

-- --------------------------------------------------------

--
-- Estructura de tabla para la tabla `asientos`
--

CREATE TABLE `asientos` (
  `id` int(5) UNSIGNED ZEROFILL NOT NULL,
  `id_salida` int(5) NOT NULL,
  `n_asiento` int(5) NOT NULL,
  `estado` varchar(10) NOT NULL
) ENGINE=InnoDB DEFAULT CHARSET=utf8mb4;

--
-- Volcado de datos para la tabla `asientos`
--

INSERT INTO `asientos` (`id`, `id_salida`, `n_asiento`, `estado`) VALUES
(00001, 7721, 1, 'OCUPADO'),
(00002, 7721, 2, 'OCUPADO'),
(00003, 7721, 3, 'OCUPADO'),
(00004, 7721, 4, 'OCUPADO'),
(00005, 7721, 5, 'OCUPADO'),
(00006, 7721, 6, 'OCUPADO'),
(00007, 7722, 1, 'OCUPADO'),
(00008, 7722, 2, 'OCUPADO'),
(00009, 7722, 3, 'OCUPADO'),
(00010, 7722, 4, 'OCUPADO'),
(00011, 7722, 5, 'OCUPADO'),
(00012, 7722, 6, 'OCUPADO'),
(00013, 7723, 1, 'OCUPADO'),
(00014, 7723, 2, 'DISPONIBLE'),
(00015, 7723, 3, 'OCUPADO'),
(00016, 7723, 4, 'OCUPADO'),
(00017, 7723, 5, 'DISPONIBLE'),
(00018, 7723, 6, 'DISPONIBLE'),
(00019, 7724, 1, 'OCUPADO'),
(00020, 7724, 2, 'OCUPADO'),
(00021, 7724, 3, 'OCUPADO'),
(00022, 7724, 4, 'OCUPADO'),
(00023, 7724, 5, 'OCUPADO'),
(00024, 7724, 6, 'OCUPADO'),
(00025, 7725, 1, 'DISPONIBLE'),
(00026, 7725, 2, 'DISPONIBLE'),
(00027, 7725, 3, 'DISPONIBLE'),
(00028, 7725, 4, 'DISPONIBLE'),
(00029, 7725, 5, 'DISPONIBLE'),
(00030, 7725, 6, 'DISPONIBLE'),
(00031, 7721, 7, 'OCUPADO'),
(00032, 7721, 8, 'OCUPADO'),
(00033, 7721, 9, 'DISPONIBLE'),
(00034, 7721, 10, 'DISPONIBLE'),
(00035, 7721, 11, 'DISPONIBLE'),
(00036, 7721, 12, 'DISPONIBLE'),
(00037, 7721, 13, 'ISPONIBLE'),
(00038, 7721, 14, 'DISPONIBLE'),
(00039, 7721, 15, 'DISPONIBLE'),
(00040, 7721, 16, 'DISPONIBLE'),
(00041, 7721, 17, 'DISPONIBLE'),
(00042, 7721, 18, 'DISPONIBLE'),
(00043, 7721, 19, 'OCUPADO'),
(00044, 7721, 20, 'OCUPADO'),
(00045, 7721, 21, 'OCUPADO'),
(00046, 7721, 22, 'OCUPADO'),
(00047, 7721, 23, 'OCUPADO'),
(00048, 7721, 24, 'OCUPADO'),
(00049, 7721, 25, 'OCUPADO'),
(00050, 7721, 26, 'OCUPADO'),
(00051, 7721, 27, 'DISPONIBLE'),
(00052, 7721, 28, 'OCUPADO'),
(00053, 7721, 29, 'DISPONIBLE'),
(00054, 7721, 30, 'DISPONIBLE'),
(00055, 7721, 31, 'DISPONIBLE'),
(00056, 7721, 32, 'DISPONIBLE'),
(00057, 7721, 33, 'DISPONIBLE'),
(00058, 7721, 34, 'DISPONIBLE'),
(00059, 7721, 35, 'DISPONIBLE'),
(00060, 7721, 36, 'DISPONIBLE'),
(00061, 7722, 7, 'DISPONIBLE'),
(00062, 7722, 8, 'OCUPADO'),
(00063, 7722, 9, 'DISPONIBLE'),
(00064, 7722, 10, 'DISPONIBLE'),
(00065, 7722, 11, 'DISPONIBLE'),
(00066, 7722, 12, 'DISPONIBLE'),
(00067, 7722, 13, 'DISPONIBLE'),
(00068, 7722, 14, 'DISPONIBLE'),
(00069, 7722, 15, 'DISPONIBLE'),
(00070, 7722, 16, 'DISPONIBLE'),
(00071, 7722, 17, 'DISPONIBLE'),
(00072, 7722, 18, 'DISPONIBLE'),
(00073, 7722, 19, 'OCUPADO'),
(00074, 7722, 20, 'OCUPADO'),
(00075, 7722, 21, 'OCUPADO'),
(00076, 7722, 22, 'OCUPADO'),
(00077, 7722, 23, 'OCUPADO'),
(00078, 7722, 24, 'OCUPADO'),
(00079, 7722, 25, 'DISPONIBLE'),
(00080, 7722, 26, 'DISPONIBLE'),
(00081, 7722, 27, 'DISPONIBLE'),
(00082, 7722, 28, 'DISPONIBLE'),
(00083, 7722, 29, 'DISPONIBLE'),
(00084, 7722, 30, 'DISPONIBLE'),
(00085, 7722, 31, 'DISPONIBLE'),
(00086, 7722, 32, 'DISPONIBLE'),
(00087, 7722, 33, 'DISPONIBLE'),
(00088, 7722, 34, 'DISPONIBLE'),
(00089, 7722, 35, 'DISPONIBLE'),
(00090, 7722, 36, 'DISPONIBLE'),
(00091, 7723, 7, 'DISPONIBLE'),
(00092, 7723, 8, 'DISPONIBLE'),
(00093, 7723, 9, 'DISPONIBLE'),
(00094, 7723, 10, 'DISPONIBLE'),
(00095, 7723, 11, 'DISPONIBLE'),
(00096, 7723, 12, 'DISPONIBLE'),
(00097, 7723, 13, 'ISPONIBLE'),
(00098, 7723, 14, 'DISPONIBLE'),
(00099, 7723, 15, 'DISPONIBLE'),
(00100, 7723, 16, 'DISPONIBLE'),
(00101, 7723, 17, 'DISPONIBLE'),
(00102, 7723, 18, 'DISPONIBLE'),
(00103, 7723, 19, 'DISPONIBLE'),
(00104, 7723, 20, 'DISPONIBLE'),
(00105, 7723, 21, 'DISPONIBLE'),
(00106, 7723, 22, 'DISPONIBLE'),
(00107, 7723, 23, 'DISPONIBLE'),
(00108, 7723, 24, 'DISPONIBLE'),
(00109, 7723, 25, 'DISPONIBLE'),
(00110, 7723, 26, 'DISPONIBLE'),
(00111, 7723, 27, 'DISPONIBLE'),
(00112, 7723, 28, 'DISPONIBLE'),
(00113, 7723, 29, 'DISPONIBLE'),
(00114, 7723, 30, 'DISPONIBLE'),
(00115, 7723, 31, 'DISPONIBLE'),
(00116, 7723, 32, 'DISPONIBLE'),
(00117, 7723, 33, 'DISPONIBLE'),
(00118, 7723, 34, 'DISPONIBLE'),
(00119, 7723, 35, 'DISPONIBLE'),
(00120, 7723, 36, 'DISPONIBLE'),
(00121, 7724, 7, 'DISPONIBLE'),
(00122, 7724, 8, 'OCUPADO'),
(00123, 7724, 9, 'DISPONIBLE'),
(00124, 7724, 10, 'DISPONIBLE'),
(00125, 7724, 11, 'DISPONIBLE'),
(00126, 7724, 12, 'DISPONIBLE'),
(00127, 7724, 13, 'ISPONIBLE'),
(00128, 7724, 14, 'DISPONIBLE'),
(00129, 7724, 15, 'DISPONIBLE'),
(00130, 7724, 16, 'DISPONIBLE'),
(00131, 7724, 17, 'DISPONIBLE'),
(00132, 7724, 18, 'DISPONIBLE'),
(00133, 7724, 19, 'OCUPADO'),
(00134, 7724, 20, 'OCUPADO'),
(00135, 7724, 21, 'OCUPADO'),
(00136, 7724, 22, 'OCUPADO'),
(00137, 7724, 23, 'OCUPADO'),
(00138, 7724, 24, 'DISPONIBLE'),
(00139, 7724, 25, 'DISPONIBLE'),
(00140, 7724, 26, 'OCUPADO'),
(00141, 7724, 27, 'DISPONIBLE'),
(00142, 7724, 28, 'DISPONIBLE'),
(00143, 7724, 29, 'DISPONIBLE'),
(00144, 7724, 30, 'DISPONIBLE'),
(00145, 7724, 31, 'DISPONIBLE'),
(00146, 7724, 32, 'DISPONIBLE'),
(00147, 7724, 33, 'DISPONIBLE'),
(00148, 7724, 34, 'DISPONIBLE'),
(00149, 7724, 35, 'DISPONIBLE'),
(00150, 7724, 36, 'DISPONIBLE'),
(00151, 7725, 7, 'DISPONIBLE'),
(00152, 7725, 8, 'DISPONIBLE'),
(00153, 7725, 9, 'DISPONIBLE'),
(00154, 7725, 10, 'DISPONIBLE'),
(00155, 7725, 11, 'DISPONIBLE'),
(00156, 7725, 12, 'DISPONIBLE'),
(00157, 7725, 13, 'ISPONIBLE'),
(00158, 7725, 14, 'DISPONIBLE'),
(00159, 7725, 15, 'DISPONIBLE'),
(00160, 7725, 16, 'DISPONIBLE'),
(00161, 7725, 17, 'DISPONIBLE'),
(00162, 7725, 18, 'DISPONIBLE'),
(00163, 7725, 19, 'DISPONIBLE'),
(00164, 7725, 20, 'DISPONIBLE'),
(00165, 7725, 21, 'DISPONIBLE'),
(00166, 7725, 22, 'DISPONIBLE'),
(00167, 7725, 23, 'DISPONIBLE'),
(00168, 7725, 24, 'DISPONIBLE'),
(00169, 7725, 25, 'DISPONIBLE'),
(00170, 7725, 26, 'DISPONIBLE'),
(00171, 7725, 27, 'DISPONIBLE'),
(00172, 7725, 28, 'DISPONIBLE'),
(00173, 7725, 29, 'DISPONIBLE'),
(00174, 7725, 30, 'DISPONIBLE'),
(00175, 7725, 31, 'DISPONIBLE'),
(00176, 7725, 32, 'DISPONIBLE'),
(00177, 7725, 33, 'DISPONIBLE'),
(00178, 7725, 34, 'DISPONIBLE'),
(00179, 7725, 35, 'DISPONIBLE'),
(00180, 7725, 36, 'DISPONIBLE'),
(00397, 7727, 1, 'DISPONIBLE'),
(00398, 7727, 2, 'DISPONIBLE'),
(00399, 7727, 3, 'DISPONIBLE'),
(00400, 7727, 4, 'DISPONIBLE'),
(00401, 7727, 5, 'DISPONIBLE'),
(00402, 7727, 6, 'DISPONIBLE'),
(00403, 7727, 7, 'DISPONIBLE'),
(00404, 7727, 8, 'DISPONIBLE'),
(00405, 7727, 9, 'DISPONIBLE'),
(00406, 7727, 10, 'DISPONIBLE'),
(00407, 7727, 11, 'DISPONIBLE'),
(00408, 7727, 12, 'DISPONIBLE'),
(00409, 7727, 13, 'DISPONIBLE'),
(00410, 7727, 14, 'DISPONIBLE'),
(00411, 7727, 15, 'DISPONIBLE'),
(00412, 7727, 16, 'DISPONIBLE'),
(00413, 7727, 17, 'DISPONIBLE'),
(00414, 7727, 18, 'DISPONIBLE'),
(00415, 7727, 19, 'DISPONIBLE'),
(00416, 7727, 20, 'DISPONIBLE'),
(00417, 7727, 21, 'DISPONIBLE'),
(00418, 7727, 22, 'DISPONIBLE'),
(00419, 7727, 23, 'DISPONIBLE'),
(00420, 7727, 24, 'DISPONIBLE'),
(00421, 7727, 25, 'DISPONIBLE'),
(00422, 7727, 26, 'DISPONIBLE'),
(00423, 7727, 27, 'DISPONIBLE'),
(00424, 7727, 28, 'DISPONIBLE'),
(00425, 7727, 29, 'DISPONIBLE'),
(00426, 7727, 30, 'DISPONIBLE'),
(00427, 7727, 31, 'DISPONIBLE'),
(00428, 7727, 32, 'DISPONIBLE'),
(00429, 7727, 33, 'DISPONIBLE'),
(00430, 7727, 34, 'DISPONIBLE'),
(00431, 7727, 35, 'DISPONIBLE'),
(00432, 7727, 36, 'DISPONIBLE'),
(00433, 7726, 1, 'OCUPADO'),
(00434, 7726, 2, 'OCUPADO'),
(00435, 7726, 3, 'DISPONIBLE'),
(00436, 7726, 4, 'DISPONIBLE'),
(00437, 7726, 5, 'DISPONIBLE'),
(00438, 7726, 6, 'DISPONIBLE'),
(00439, 7726, 7, 'DISPONIBLE'),
(00440, 7726, 8, 'DISPONIBLE'),
(00441, 7726, 9, 'DISPONIBLE'),
(00442, 7726, 10, 'DISPONIBLE'),
(00443, 7726, 11, 'DISPONIBLE'),
(00444, 7726, 12, 'DISPONIBLE'),
(00445, 7726, 13, 'DISPONIBLE'),
(00446, 7726, 14, 'DISPONIBLE'),
(00447, 7726, 15, 'DISPONIBLE'),
(00448, 7726, 16, 'DISPONIBLE'),
(00449, 7726, 17, 'DISPONIBLE'),
(00450, 7726, 18, 'DISPONIBLE'),
(00451, 7726, 19, 'DISPONIBLE'),
(00452, 7726, 20, 'DISPONIBLE'),
(00453, 7726, 21, 'DISPONIBLE'),
(00454, 7726, 22, 'DISPONIBLE'),
(00455, 7726, 23, 'DISPONIBLE'),
(00456, 7726, 24, 'DISPONIBLE'),
(00457, 7726, 25, 'DISPONIBLE'),
(00458, 7726, 26, 'DISPONIBLE'),
(00459, 7726, 27, 'DISPONIBLE'),
(00460, 7726, 28, 'DISPONIBLE'),
(00461, 7726, 29, 'DISPONIBLE'),
(00462, 7726, 30, 'DISPONIBLE'),
(00463, 7726, 31, 'DISPONIBLE'),
(00464, 7726, 32, 'DISPONIBLE'),
(00465, 7726, 33, 'DISPONIBLE'),
(00466, 7726, 34, 'DISPONIBLE'),
(00467, 7726, 35, 'DISPONIBLE'),
(00468, 7726, 36, 'DISPONIBLE');

-- --------------------------------------------------------

--
-- Estructura de tabla para la tabla `clientes`
--

CREATE TABLE `clientes` (
  `dni` int(8) NOT NULL,
  `nombres` varchar(50) COLLATE utf8_spanish2_ci NOT NULL,
  `apellidos` varchar(50) COLLATE utf8_spanish2_ci NOT NULL,
  `sexo` varchar(1) COLLATE utf8_spanish2_ci NOT NULL
) ENGINE=InnoDB DEFAULT CHARSET=utf8 COLLATE=utf8_spanish2_ci;

--
-- Volcado de datos para la tabla `clientes`
--

INSERT INTO `clientes` (`dni`, `nombres`, `apellidos`, `sexo`) VALUES
(11111111, 'JUANA', 'DE ARCO', 'F'),
(22222222, 'AMILDA', 'MONTAÑO ALVAREZ', 'F'),
(40218246, 'WILLIAM', 'CAHUANA ESPINOZA', 'F'),
(40371662, ' SABY YAZMINA', 'CAIRO MENDEZ ', 'F'),
(40518605, 'JUAN CARLOS ', 'CÁCERES YNCA', 'M'),
(41569574, 'YULY MERCEDES', 'CACERES VILLALVA', 'F'),
(41605507, 'WABER', 'ACHIRCANA CRUZ', 'M'),
(41706339, 'MARY ISABEL', 'CAHUANA GUZMAN', 'F'),
(41714007, 'DONNA YASMINA', 'ACUÑA CCALLME', 'F'),
(42273464, 'ROBERTO', 'ACUÑA CASTAÑEDA', 'M'),
(42801935, 'CESAR AUGUSTO', 'ACOSTA BAZAN C', 'M'),
(43433629, 'GUIUSSEPPE RAYNER', 'ACEVEDO YPARRAGUIRRE', 'M'),
(43557177, 'BETSY ARELI', 'CACERES TAYA', 'F'),
(44118015, 'JANETH SALOME', 'ACHULLA SOSA', 'F'),
(44331230, 'JESSICA ELIZABETH', 'ACEIJAS CABRERA', 'F'),
(44649282, 'ANGEL DANDY', 'CAJAHUANCA PAITA', 'M'),
(45101909, ' LUCY ', 'CAHUANA INCA', 'F'),
(45123212, 'CHIZURU', 'MIZUHARA ICHINOSE', 'F'),
(45677777, 'ANNA', 'MORALES DE LA CRUZ', 'F'),
(45899471, 'DAVID BERTING', 'CACERES RODRIGUEZ', 'M'),
(46314445, 'KIUSA', 'ACORI FLORES', 'F'),
(46449905, 'SARA LUISA', 'ACUÑA GARCIA', 'F'),
(46517735, 'RUTHCINDY ', 'CACHA ADVINCULA', 'F'),
(46776149, 'SUSAN ', 'CACHICATARI AROCUTIPA', 'F'),
(47083865, 'KELY', 'ACENCIO DURAN ', 'F'),
(47162490, 'JEFFREY GIANCARLOS ', 'ACOSTA CALDERON', 'M'),
(47265340, 'KATTIA ELIZABETH', 'ACUÑA HERNANDEZ ', 'F'),
(47488461, 'SOLEDAD MARCELA', 'ACOSTA ALBINAGORTA', 'F'),
(47693330, 'JHON PETER', 'ABANTO MANOSALBA', 'M'),
(48002399, 'JOEL JEREMIAS ', 'ACEVEDO JAUREGUI ', 'M'),
(48197118, 'ABAD ', 'CARBAJAL EVELYN', 'M'),
(48436009, 'INGRID PAMELA', 'CACHO VASQUEZ', 'F'),
(66664544, 'KENNY ', 'ACKERMAN', 'M'),
(70347092, 'FELIMON', 'CAIRO DIAZ DAVID', 'M'),
(70463974, 'BRIAN JOHNNY', 'CACERES SILVA', 'F'),
(70848804, 'JUAN ROSVELT', 'CAIRO QUISPE ', 'M'),
(71047872, 'LIZ VANESSA', 'CAHUANA COAQUIRA', 'F'),
(71048440, 'LEYDITH MARJORY', 'CAJAHUAMAN HUAMAN', 'F'),
(71462739, 'ROSA CRISTINA', 'ACEVEDO CABRERA ', 'F'),
(71749122, 'JHONAN CALEB', 'MUÑOZ CARRILLO', 'M'),
(71749876, 'JANET', 'MORALES HUICHO', 'F'),
(71773387, 'CESAR AUGUSTO ', 'CAHUA GALLEGOS', 'M'),
(71777777, 'ISRAEL JHONATAN', 'MUÑOZ CARRILLO', 'M'),
(72298640, 'EDILUZ', 'ACORI FLORES', 'F'),
(72894227, 'KATHERINE AYDA', 'CACERES VALENCIA', 'F'),
(72974623, 'MACIEL LISBET ', 'ACOSTA CANTA', 'F'),
(73145960, 'KARINA ROSARIO', 'ACOSTA CATACORA', 'F'),
(74164816, 'LUIS FELIPE', 'ACOSTA CUELLO', 'M'),
(76565656, 'ALE', 'NANDI PACHAS', 'M'),
(76805218, 'MAYCOL', 'CAHUANA HUAMANI', 'M'),
(77766655, 'MARIELA', 'CASTRO', 'F');

-- --------------------------------------------------------

--
-- Estructura de tabla para la tabla `con_pasajero`
--

CREATE TABLE `con_pasajero` (
  `id_cod` int(11) NOT NULL,
  `id_salida` int(11) NOT NULL,
  `asiento` int(2) NOT NULL,
  `dni` int(8) NOT NULL,
  `fec_emi` date NOT NULL,
  `monto` decimal(8,2) NOT NULL
) ENGINE=InnoDB DEFAULT CHARSET=utf8 COLLATE=utf8_spanish2_ci;

--
-- Volcado de datos para la tabla `con_pasajero`
--

INSERT INTO `con_pasajero` (`id_cod`, `id_salida`, `asiento`, `dni`, `fec_emi`, `monto`) VALUES
(1653509545, 7723, 3, 71777777, '2022-05-25', '29.60'),
(1653587008, 7723, 4, 71749122, '2022-05-26', '29.60'),
(1653587060, 7723, 1, 71749876, '2022-05-26', '29.60'),
(1653852624, 7721, 1, 71749122, '2022-05-29', '34.90'),
(1653852652, 7721, 2, 66664544, '2022-05-29', '34.90'),
(1654376915, 7721, 3, 48197118, '2022-06-04', '345.90'),
(1654376950, 7721, 21, 47693330, '2022-06-04', '345.90'),
(1654377002, 7721, 4, 44331230, '2022-06-04', '345.90'),
(1654377018, 7721, 5, 71462739, '2022-06-04', '345.90'),
(1654377038, 7721, 6, 47083865, '2022-06-04', '345.90'),
(1654377059, 7721, 7, 48002399, '2022-06-04', '345.90'),
(1654377079, 7721, 8, 43433629, '2022-06-04', '345.90'),
(1654377103, 7721, 19, 42801935, '2022-06-04', '345.90'),
(1654377121, 7721, 20, 47162490, '2022-06-04', '345.90'),
(1654377162, 7721, 22, 44118015, '2022-06-04', '345.90'),
(1654377180, 7721, 23, 46314445, '2022-06-04', '345.90'),
(1654377218, 7721, 24, 41605507, '2022-06-04', '345.90'),
(1654377236, 7721, 25, 72298640, '2022-06-04', '345.90'),
(1654377278, 7721, 26, 47488461, '2022-06-04', '345.90'),
(1654377311, 7721, 28, 72974623, '2022-06-04', '345.90'),
(1654377337, 7722, 1, 73145960, '2022-06-04', '45.00'),
(1654377356, 7722, 2, 74164816, '2022-06-04', '45.00'),
(1654377379, 7722, 19, 41714007, '2022-06-04', '45.00'),
(1654377401, 7722, 3, 46449905, '2022-06-04', '45.00'),
(1654377422, 7722, 23, 47265340, '2022-06-04', '45.00'),
(1654377441, 7722, 8, 42273464, '2022-06-04', '45.00'),
(1654377471, 7722, 5, 40518605, '2022-06-04', '45.00'),
(1654377496, 7722, 20, 72894227, '2022-06-04', '45.00'),
(1654377518, 7722, 21, 41569574, '2022-06-04', '45.00'),
(1654377543, 7722, 4, 43557177, '2022-06-04', '45.00'),
(1654377563, 7722, 22, 70463974, '2022-06-04', '45.00'),
(1654377582, 7722, 6, 45899471, '2022-06-04', '45.00'),
(1654377619, 7722, 24, 46517735, '2022-06-04', '45.00'),
(1654377678, 7724, 1, 46776149, '2022-06-04', '39.00'),
(1654377698, 7724, 2, 48436009, '2022-06-04', '39.00'),
(1654377719, 7724, 20, 71773387, '2022-06-04', '39.00'),
(1654377741, 7724, 19, 71047872, '2022-06-04', '39.00'),
(1654377759, 7724, 3, 41706339, '2022-06-04', '39.00'),
(1654377778, 7724, 4, 76805218, '2022-06-04', '39.00'),
(1654377803, 7724, 8, 45101909, '2022-06-04', '39.00'),
(1654377821, 7724, 26, 40218246, '2022-06-04', '39.00'),
(1654377847, 7724, 6, 40371662, '2022-06-04', '39.00'),
(1654377864, 7724, 5, 70347092, '2022-06-04', '39.00'),
(1654377882, 7724, 21, 70848804, '2022-06-04', '39.00'),
(1654377903, 7724, 22, 71048440, '2022-06-04', '39.00'),
(1654377932, 7724, 23, 44649282, '2022-06-04', '39.00'),
(1654802090, 7726, 1, 76565656, '2022-06-09', '123.00'),
(1654802692, 7726, 2, 77766655, '2022-06-09', '123.00');

-- --------------------------------------------------------

--
-- Estructura de tabla para la tabla `detsalidas`
--

CREATE TABLE `detsalidas` (
  `dni` varchar(8) COLLATE utf8_spanish2_ci NOT NULL,
  `ncabina` int(11) NOT NULL,
  `monto` double(8,2) NOT NULL
) ENGINE=InnoDB DEFAULT CHARSET=utf8 COLLATE=utf8_spanish2_ci;

--
-- Volcado de datos para la tabla `detsalidas`
--

INSERT INTO `detsalidas` (`dni`, `ncabina`, `monto`) VALUES
('11111111', 1, 20.00),
('22222222', 2, 25.00);

-- --------------------------------------------------------

--
-- Estructura de tabla para la tabla `salidas`
--

CREATE TABLE `salidas` (
  `id_salida` int(7) NOT NULL,
  `fecha` date DEFAULT NULL,
  `hora` time DEFAULT NULL,
  `origen` varchar(50) DEFAULT NULL,
  `destino` varchar(50) DEFAULT NULL,
  `monto` decimal(8,2) NOT NULL
) ENGINE=InnoDB DEFAULT CHARSET=utf8mb4;

--
-- Volcado de datos para la tabla `salidas`
--

INSERT INTO `salidas` (`id_salida`, `fecha`, `hora`, `origen`, `destino`, `monto`) VALUES
(7721, '2022-07-28', '20:00:00', 'AYACUCHO', 'LAMBAYEQUE', '345.90'),
(7722, '2022-07-14', '21:00:00', 'AYACUCHO', 'ICA', '445.00'),
(7723, '2022-10-13', '22:00:00', 'HUANCAYO', 'IQUITOS', '292.60'),
(7724, '2022-06-16', '09:00:00', 'HUANCAVELICA', 'CUSCO', '319.00'),
(7725, '2022-08-30', '12:00:00', 'LIMA', 'AYACUCHO', '157.00'),
(7726, '2022-09-23', '15:05:00', 'AYACUCHO', 'CUSCO', '123.00'),
(7727, '2022-10-14', '13:01:00', 'AREQUIPA', 'AYACUCHO', '300.70');

--
-- Índices para tablas volcadas
--

--
-- Indices de la tabla `asientos`
--
ALTER TABLE `asientos`
  ADD PRIMARY KEY (`id`);

--
-- Indices de la tabla `clientes`
--
ALTER TABLE `clientes`
  ADD PRIMARY KEY (`dni`);

--
-- Indices de la tabla `con_pasajero`
--
ALTER TABLE `con_pasajero`
  ADD PRIMARY KEY (`id_cod`);

--
-- Indices de la tabla `salidas`
--
ALTER TABLE `salidas`
  ADD PRIMARY KEY (`id_salida`);

--
-- AUTO_INCREMENT de las tablas volcadas
--

--
-- AUTO_INCREMENT de la tabla `asientos`
--
ALTER TABLE `asientos`
  MODIFY `id` int(5) UNSIGNED ZEROFILL NOT NULL AUTO_INCREMENT, AUTO_INCREMENT=469;

--
-- AUTO_INCREMENT de la tabla `salidas`
--
ALTER TABLE `salidas`
  MODIFY `id_salida` int(7) NOT NULL AUTO_INCREMENT, AUTO_INCREMENT=7728;
COMMIT;

/*!40101 SET CHARACTER_SET_CLIENT=@OLD_CHARACTER_SET_CLIENT */;
/*!40101 SET CHARACTER_SET_RESULTS=@OLD_CHARACTER_SET_RESULTS */;
/*!40101 SET COLLATION_CONNECTION=@OLD_COLLATION_CONNECTION */;
